Contrast,Dissimilarity,Homogeneity,Energy,Correlation,ASM,label
2096.550595238095,14.044642857142856,0.321601443000714,0.22678688601122127,0.07652777957223127,0.051432291666666664,1
4588.369047619048,28.97023809523809,0.19007848879964334,0.13610988187237053,0.08523220848705843,0.018525899943310657,1
38.47321428571429,3.354166666666666,0.345799408433065,0.28035493124190863,-0.04806748116524812,0.0785988874716553,1
127.95535714285715,6.258928571428571,0.2972029202672238,0.2149666759493375,0.7684912003077415,0.046210671768707474,1
196.1488095238095,6.404761904761904,0.36653770762191684,0.2780389574287613,0.3569732593711604,0.07730566184807254,1
5519.931547619047,35.38392857142857,0.24044218285994898,0.12263927248831258,0.21992118185581006,0.015040391156462581,1
8475.220238095237,53.25595238095238,0.13002796614896614,0.08514713988642836,0.061700665517736335,0.007250035430839,1
349.04464285714283,10.473214285714286,0.23579422891094867,0.15772405597900122,0.4201733615809002,0.024876877834467112,1
216.47023809523807,10.130952380952381,0.19262258906134377,0.11117973716876693,0.7666814048815747,0.012360933956916094,1
2614.1369047619046,20.029761904761905,0.22712235891416796,0.14198643383186385,0.14726912165901807,0.02016014739229025,1
5842.9464285714275,32.05357142857142,0.2706016085798342,0.18892363917707414,0.008138062515972292,0.0356921414399093,1
5954.261904761905,35.172619047619044,0.1598535163731991,0.11238814040773334,-0.014424792098424968,0.012631094104308386,1
1079.6160714285716,10.377976190476192,0.28478589629611967,0.22364046616517316,0.03247131973484481,0.05001505810657596,1
211.7380952380952,6.803571428571428,0.33996092906747183,0.2615663397942837,0.2745413757271465,0.06841695011337867,1
1159.625,13.00595238095238,0.22600996884417224,0.1891930366108669,0.3536897963565127,0.035794005102040824,1
6050.101190476191,35.35119047619048,0.18715631424281928,0.11113989493951094,-0.005081194736477694,0.012352076247165531,1
7178.252976190476,41.95535714285714,0.14195599465688322,0.09007586875250924,-0.022236244962337615,0.00811366213151927,1
1601.2708333333333,13.5625,0.2079437442824784,0.13862467783138352,0.10829409208458866,0.01921680130385487,1
2730.2797619047615,19.666666666666664,0.2529462440767533,0.17188627307907944,0.13412952221588115,0.029544890873015872,1
51.16666666666667,4.517857142857142,0.3039300052657845,0.2003133175055219,0.2207407055664615,0.04012542517006803,1
7768.973214285714,42.92559523809523,0.18712623855167385,0.12460965128249002,-0.012506936154070085,0.015527565192743767,1
3084.0,19.166666666666664,0.28990352743556513,0.1967777380056067,0.013992851090391889,0.03872147817460318,1
4209.5625,24.020833333333332,0.27490931251048717,0.1589826241236527,0.04288971316778728,0.025275474773242632,1
88.07738095238096,5.220238095238095,0.34724727467330524,0.21980531803044967,0.6983217931939714,0.04831437783446712,1
1623.4583333333333,12.136904761904761,0.29668734357267246,0.15593079639797305,0.20836723767164314,0.024314413265306124,1
2235.4702380952376,14.482142857142854,0.30136839704371987,0.17922746555824204,0.04268895685913661,0.032122484410430835,1
4042.264880952381,24.401785714285715,0.2484924506999709,0.16464817245147292,-0.0073587719642261,0.027109020691609968,1
21.80654761904762,3.151785714285714,0.336143544905297,0.20936183200545477,0.20820257302515952,0.04383237670068026,1
320.2083333333333,9.583333333333332,0.2222447999610549,0.10616701774843433,0.7354975939879463,0.011271435657596371,1
658.1071428571429,6.541666666666667,0.33045170668619867,0.20572344831887446,0.029264099996832927,0.04232213718820861,1
740.8928571428571,7.845238095238095,0.356302141772068,0.23827188387692427,0.03031150659024024,0.05677349064625849,1
3635.2589285714284,20.985119047619044,0.3268979117507089,0.19636091908579387,0.03786004735619376,0.03855761054421769,1
5870.5327380952385,35.12797619047618,0.180139060847518,0.11189447141135393,0.02168651998899224,0.012520372732426304,1
533.3184523809524,19.77678571428571,0.03534238342800103,0.05024387802420872,0.8002436638653727,0.002524447278911564,1
8687.190476190477,45.98809523809524,0.21977664512871,0.1395639772344447,-0.053392179455555314,0.019478103741496597,1
83.80357142857142,3.607142857142857,0.39801826637262006,0.25973124082465987,-0.0043329968249317665,0.06746031746031746,1
7213.312499999999,38.669642857142854,0.2489885310392812,0.1551762995979608,-0.035642874440046615,0.024079683956916093,1
4306.9047619047615,26.226190476190474,0.22984817780710712,0.1606591616222116,-0.007951048427439673,0.025811366213151915,1
387.32142857142856,14.56547619047619,0.08854729716341234,0.05918804107545042,0.6140922470747086,0.003503224206349206,1
638.3303571428571,9.157738095238093,0.24331185843298972,0.1510691536096486,0.7570344322260538,0.0228218891723356,1
692.7232142857142,7.00297619047619,0.3814988499473945,0.2991848690765523,0.03514582030080574,0.08951158588435372,1
257.61607142857144,4.044642857142857,0.4150681511364303,0.3185636209805584,0.0072682270542583395,0.10148278061224487,1
38.166666666666664,2.571428571428571,0.4492776125718979,0.33493053777769266,0.01925587645648172,0.11217846513605441,1
4762.699404761905,27.57440476190476,0.2896506607486009,0.2170375553988635,-0.053375976749539325,0.047105300453514735,1
6.226190476190476,1.7976190476190472,0.4781305358206363,0.35614941194408556,0.01645234863643364,0.12684240362811794,1
11.407738095238093,2.3125,0.40898233716979526,0.3138575953136301,0.26476793218835337,0.09850659013605441,1
3788.291666666666,22.059523809523807,0.34116018199634685,0.23831834784723335,0.06610765405791941,0.05679563492063492,1
242.18452380952377,9.494047619047617,0.15028497980587763,0.09115114780424735,0.22778791138549798,0.008308531746031746,1
405.9702380952381,4.875,0.40833861157475443,0.31603023002952896,0.01577659379416612,0.09987510629251699,1
5346.940476190477,29.714285714285715,0.2939574945454144,0.21119421736633695,0.013092361020001473,0.044602997448979574,1
852.2827380952381,7.3184523809523805,0.3877442101647596,0.2831763520703699,0.03686246103910882,0.08018884637188209,1
3173.2559523809523,18.69642857142857,0.35979775094999383,0.22560230545532411,-0.019364731142024853,0.050896400226757364,1
88.22321428571428,4.574404761904762,0.35309311037973773,0.2750119173876205,-0.024672735148528222,0.0756315547052154,1
1325.7113095238096,12.098214285714285,0.35695635699126366,0.21191646570140352,0.14990158286767585,0.04490858843537413,1
365.2827380952381,9.211309523809524,0.3492549495295647,0.23280963460243395,0.5750018064682244,0.05420032596371881,1
25.056547619047617,3.12797619047619,0.3613738509848585,0.2276347997139636,0.07386453391513963,0.05181760204081633,1
6592.997023809523,37.610119047619044,0.21525317593263413,0.13635370463042032,-0.07173255545702144,0.01859233276643991,1
2180.410714285714,13.607142857142854,0.33144773746219836,0.2316271744834437,0.004193969149597018,0.053651147959183666,1
6304.458333333333,38.84523809523809,0.12526699723985074,0.10535041678826106,-0.08705534451192158,0.011098710317460316,1
2180.4880952380954,13.601190476190474,0.3366224580780955,0.23371150416030176,0.0026409505243784274,0.05462106717687074,1
2357.22619047619,16.95238095238095,0.2500757770155941,0.13223130887811343,0.0223163740435232,0.017485119047619044,1
960.3035714285714,14.214285714285714,0.13148635731568295,0.06694774928096425,0.714933517883174,0.004482001133786849,1
149.83333333333334,6.416666666666666,0.2336645659985055,0.13780758217607414,0.014105354374196206,0.018990929705215424,1
3081.273809523809,21.017857142857142,0.22945435505922837,0.12476948700151538,0.009990835747873532,0.015567424886621316,1
3122.2619047619046,22.869047619047617,0.1781999082831359,0.10683238747498554,-0.011615964894198276,0.011413159013605447,1
2076.1994047619046,14.419642857142854,0.28223112055487104,0.20569115348887212,0.031741449571706444,0.04230885062358276,1
3210.4761904761904,19.809523809523807,0.27030818086731434,0.19356681597034642,0.015942212095714656,0.037468112244897954,1
3241.3839285714284,21.229166666666664,0.25636523828583013,0.17473558741768683,0.021628411116641124,0.030532525510204078,1
2154.979166666666,14.038690476190474,0.3262801661207989,0.24631460154953852,0.014975058897339393,0.06067088293650793,1
177.56845238095238,6.3125,0.3277157751312295,0.25848347074528005,0.1471910527492495,0.06681370464852605,1
5691.973214285715,35.104166666666664,0.1809158305078367,0.09168405833779382,0.07385548929678079,0.00840596655328798,1
5710.738095238095,35.73214285714285,0.16186863184969494,0.08727903749175701,0.07192756786792001,0.007617630385487526,1
94.4375,5.747023809523809,0.2677373325367303,0.10570714663796453,0.9343081558465436,0.011174000850340135,1
11.273809523809524,2.4940476190476186,0.38425833664558323,0.2360777620839517,0.29028782875477177,0.0557327097505669,1
2187.7172619047615,17.086309523809526,0.18440727964416886,0.10769944715906087,0.09025389438498464,0.011599170918367345,1
146.71130952380952,4.586309523809524,0.34065912697992273,0.20802485665514725,0.03180118134832239,0.04327434098639456,1
8782.660714285714,53.79761904761904,0.1242931979874827,0.07499763790686996,0.032129413391944694,0.005624645691609978,1
5836.282738095237,40.13392857142857,0.05062989185163987,0.06584716336261186,0.10315994589912932,0.004335848922902494,1
158.38690476190476,5.3690476190476195,0.30164955557511686,0.18943867359760985,0.011589356201539891,0.03588701105442176,1
3697.508928571428,26.63988095238095,0.11616580791380161,0.08193988034485836,0.11377305642996263,0.006714143990929704,1
108.99107142857142,3.4732142857142856,0.3640714779682239,0.20575573807997302,0.10868685185805595,0.04233542375283446,1
152.41964285714286,3.479166666666666,0.37580677052846534,0.20737449418624812,0.0212985245539916,0.04300418083900226,1
10.229166666666666,2.330357142857143,0.37427088800130176,0.21972470729407023,-0.05584495198406582,0.048278946995464846,1
8.467261904761905,2.104166666666667,0.42068367139328544,0.2591508350918403,-0.0003060816060651044,0.0671591553287982,1
9.613095238095237,2.214285714285714,0.3918304582920922,0.2213513530233343,-0.040592783505154655,0.048996421485260774,1
1672.9999999999998,11.738095238095237,0.336419437452686,0.22942741813642015,0.03956776233958203,0.05263694019274377,1
4463.9672619047615,26.62797619047619,0.2552077732876963,0.17430417219459907,-0.007363683224017465,0.03038194444444444,1
5981.8125,35.06845238095238,0.17138081906682606,0.12897588500012172,-0.05220416308413361,0.016634778911564622,1
5793.598214285714,32.87202380952381,0.22652057936751516,0.17148643203438013,-0.045322908051978104,0.02940759637188208,1
2064.535714285714,13.99404761904762,0.27817882207137934,0.22512082608650066,0.009584732525381263,0.05067938633786848,1
6017.428571428571,33.36309523809524,0.20422952992975543,0.11563179869084769,-0.03980886769641513,0.013370712868480725,1
6021.681547619047,33.87797619047619,0.15940204972945063,0.10201866964882506,-0.045285152745299796,0.010407808956916098,1
4208.119047619047,25.434523809523803,0.21182160488678345,0.1217694794373737,-0.019032138121921467,0.014827806122448979,1
35.57142857142857,4.696428571428571,0.19001883663452396,0.0872282791056717,0.8234280462183025,0.007608772675736961,1
2598.5773809523807,16.898809523809522,0.24549927220352938,0.15220821217203662,0.029938655420454707,0.023167339852607712,1
1129.1815476190475,11.145833333333334,0.20547325680805112,0.1391985634960544,0.10532124907195471,0.019376240079365083,1
41.08035714285714,4.336309523809524,0.2578783247195696,0.18252081079121385,0.02075037317226354,0.03331384637188209,1
2754.544642857142,19.44940476190476,0.19764615132813843,0.1310538027160952,0.06250824897180965,0.0171750992063492,1
120.1815476190476,4.7648809523809526,0.3500842722588322,0.2645881875927295,-0.009668374411649147,0.07000690901360543,1
1141.202380952381,11.238095238095237,0.2156836673728458,0.15329547928185605,0.057257244398113125,0.02349950396825396,1
778.690476190476,7.749999999999999,0.3060637656330771,0.17342535413845891,0.11307570829767337,0.030076353458049886,1
2548.803571428571,16.910714285714285,0.29465416165294256,0.15571763047958595,0.19060794466576064,0.024247980442176874,1
224.4047619047619,5.345238095238095,0.29488061057571685,0.1620179707495591,0.10336139670404335,0.026249822845804988,1
300.3511904761904,7.583333333333332,0.2696340804279582,0.14962573774106452,0.21110913407598716,0.022387861394557822,1
66.66964285714286,3.455357142857143,0.3890659210227345,0.25294117404713823,-0.02102909424543039,0.06397923752834467,1
53.0625,3.5744047619047614,0.34795112752743196,0.2170681621476088,0.2815404628390163,0.04711858701814059,1
8878.116071428572,50.12202380952381,0.14398368931463373,0.11517126530291279,0.11754268906858645,0.013264420351473924,1
1233.389880952381,10.556547619047619,0.29339954656914247,0.20689340823142363,0.05089497940864234,0.042804882369614515,1
1301.6249999999998,11.928571428571429,0.29940446782669106,0.2129796507477957,0.059233921665566625,0.04536033163265304,1
39.00892857142857,3.5148809523809526,0.34711203953780456,0.23972655435240794,0.12262985204776224,0.057468820861678004,1
1039.1011904761904,11.75,0.2223264610963211,0.13614241680336522,0.10090284828577561,0.01853475765306122,1
5272.883928571428,34.13988095238095,0.12247937900005418,0.08172339415324988,-0.004117640928379079,0.006678713151927437,1
5278.321428571428,33.57142857142857,0.20974792412692225,0.11060062009560742,0.027711734264959646,0.012232497165532881,1
1009.8363095238095,11.38392857142857,0.17356964492454438,0.12996789024344074,0.12248747084356135,0.016891652494331062,1
472.6458333333333,13.395833333333334,0.1675852501674478,0.11889871640141773,0.22039166988381567,0.014136904761904762,1
733.2708333333333,8.318452380952381,0.26742901551008114,0.1524989080292491,0.05373052100861142,0.023255916950113375,1
37.99404761904761,3.9404761904761902,0.3284554576668119,0.20374409622374767,0.26637579679929124,0.04151165674603175,1
2326.8898809523807,16.616071428571427,0.23011645513387594,0.138336842222525,0.04995473401775593,0.019137081916099776,1
331.5297619047619,9.142857142857142,0.31877647456149383,0.21636311153185522,0.6007247217860313,0.046812996031746025,1
1596.386904761905,12.946428571428571,0.28376940317368493,0.1926034486590885,0.09869067228339368,0.03709608843537414,1
44.51488095238095,2.7410714285714284,0.4196488371836404,0.2765295793882528,0.10821409631773692,0.07646860827664399,1
81.10714285714286,3.452380952380952,0.40743891046017877,0.30548388022463224,0.00036593790583953873,0.09332040107709746,1
2773.0714285714284,16.541666666666664,0.340308776387764,0.23066916237688845,0.02106616268740532,0.05320826247165533,1
134.35416666666669,4.508928571428571,0.38802837253512407,0.2919246915048538,0.01224681782233738,0.08522002551020406,1
2875.339285714286,19.029761904761905,0.2763459147907831,0.18103459911601844,0.02140726504173649,0.032773526077097506,1
67.32738095238096,6.494047619047619,0.16220385808248164,0.09470180105176976,0.20212559591340082,0.008968431122448979,1
37.613095238095234,4.934523809523809,0.19789679239133626,0.11503659577433147,0.35752594789239567,0.013233418367346936,1
71.44642857142857,6.8809523809523805,0.14705158440938482,0.09544712923109865,0.48695568656909144,0.009110154478458046,1
122.9672619047619,7.604166666666667,0.1669164536859569,0.09095658803533406,0.3988380663851518,0.008273100907029476,1
63.27083333333333,5.991071428571428,0.19445577975941936,0.10232210379566122,0.3163169929687512,0.010469812925170068,1
71.88988095238093,6.7648809523809526,0.14823208582132985,0.07893920958258836,0.6155907485692488,0.00623139880952381,1
80.69345238095238,7.372023809523809,0.1365337635998401,0.07455342291592469,0.4187279061194416,0.005558212868480726,1
73.27678571428571,6.556547619047619,0.1719705542434391,0.09122400073806013,0.45691949473228416,0.008321818310657595,1
99.4970238095238,8.461309523809522,0.09220608583970645,0.0689680370610504,0.46327759756002085,0.004756590136054422,1
71.58333333333333,6.827380952380952,0.17870998127163534,0.09199750902424839,0.3172734842176974,0.008463541666666664,1
68.73214285714285,6.172619047619047,0.18084061159954556,0.1012998358637947,0.13057804421561386,0.010261656746031746,1
58.63392857142857,5.9375,0.17126195418263418,0.10894645962930433,0.1276856596558821,0.011869331065759636,1
50.52083333333333,5.407738095238095,0.20546687941938344,0.10522422339085528,0.33756647665469447,0.011072137188208616,1
46.845238095238095,5.273809523809524,0.1925665420409045,0.10549745163551251,0.3233224124372824,0.011129712301587302,1
172.06845238095238,9.12797619047619,0.13200218571067832,0.07671993306339428,0.2530199616159227,0.0058859481292517,1
521.4642857142858,16.035714285714285,0.09085949740301529,0.08475613610653657,0.19945528743345975,0.0071836026077097504,1
337.79166666666663,13.07142857142857,0.11063392582477138,0.06355403721447209,0.615739923167186,0.0040391156462585035,1
214.09821428571428,11.139880952380953,0.10450291376542574,0.06581352496278564,0.5064884781838308,0.00433142006802721,1
45.14285714285714,5.357142857142858,0.17298190830960775,0.13051197588857558,-0.3025392682601435,0.017033375850340135,1
373.71726190476187,14.901785714285714,0.11130477838704257,0.06982957265863135,0.23450867245675022,0.004876169217687075,1
151.81845238095235,8.086309523809524,0.20625158575116875,0.10728743552188055,0.28522234160184645,0.011510593820861677,1
160.39880952380952,8.107142857142856,0.19172165373887878,0.09544712923109867,0.4212039673855926,0.00911015447845805,1
25.51190476190476,3.7023809523809517,0.29695017038919846,0.1686216127882773,0.2727654683583169,0.028433248299319723,1
47.25297619047619,4.6934523809523805,0.22944018583418374,0.1054974516355125,0.558001825022007,0.011129712301587298,1
157.77083333333331,9.37202380952381,0.12173222967033029,0.06819309069874761,0.4490426852741973,0.004650297619047618,1
53.55357142857142,6.154761904761905,0.13571423593043225,0.09206969225153583,0.3478745680978877,0.008476828231292517,1
35.916666666666664,4.803571428571429,0.2167427325951158,0.12870088280023603,0.09978327385685952,0.01656391723356009,1
232.46130952380955,9.050595238095237,0.21277508280054086,0.08863852745140137,0.6372314329806897,0.007856788548752833,1
35.282738095238095,4.770833333333332,0.1991865890932955,0.10401775069822199,0.38369957412038896,0.01081969246031746,1
61.34523809523809,6.351190476190476,0.14422935927076283,0.07680647559859488,0.6711950411716447,0.005899234693877551,1
212.88690476190476,9.267857142857142,0.16880952948386968,0.08359864229278655,0.32178235703127117,0.006988732993197279,1
63.26785714285714,5.678571428571428,0.22983458308096696,0.12478723388831325,0.013431072795199067,0.015571853741496595,1
26.38988095238095,4.044642857142858,0.22120561654426468,0.12716032852135867,0.41618377213759883,0.016169749149659865,1
131.11904761904762,7.107142857142857,0.17339256720676766,0.10240863413145984,0.20662015986992763,0.0104875283446712,1
89.2827380952381,7.5267857142857135,0.15425170275475295,0.07985957062499248,0.21049991785557431,0.0063775510204081625,1
1243.4940476190475,25.303571428571423,0.08653161140211313,0.06838765055402414,0.2060269905174337,0.004676870748299318,1
523.9702380952381,15.654761904761902,0.08186085955340458,0.06441922863664691,0.2815058097390622,0.00414983701814059,1
193.48214285714286,8.327380952380953,0.17752426933581336,0.11125937882451634,-0.020126274447974272,0.012378649376417234,1
52.306547619047606,5.247023809523808,0.20800050388603392,0.11086059840588795,0.17891731296060498,0.012290072278911567,1
173.5,10.017857142857142,0.12784980616782116,0.08177756942877432,0.3901581342579807,0.006687570861678004,1
299.6488095238095,12.458333333333332,0.15035494389427143,0.08229045573034816,0.381498302066981,0.006771719104308389,1
33.514880952380956,4.116071428571428,0.25699415054049596,0.169877657057504,-0.008037372844610846,0.028858418367346934,1
150.22321428571428,8.717261904761905,0.17557226619372776,0.12668926579638548,0.12380166007853477,0.01605017006802721,1
206.41369047619048,12.479166666666668,0.06130542173307616,0.062464559112545705,0.5340452180257969,0.0039018211451247167,1
91.875,7.202380952380952,0.1566074997730708,0.07299255040732572,0.7783505800124807,0.005327912414965985,1
92.22321428571428,7.3601190476190474,0.1774849892848182,0.0926451334301987,0.12062132680988999,0.00858312074829932,1
114.36904761904762,8.113095238095237,0.13529807285326684,0.08553635632857091,0.4451538070956051,0.007316468253968254,1
40.2797619047619,5.071428571428571,0.1910285401608257,0.08561398728358646,0.6479657148873315,0.007329754818594105,1
49.19940476190476,5.157738095238095,0.21381850546951675,0.1102597235288256,0.20911193154104904,0.012157206632653057,1
56.1220238095238,5.848214285714285,0.18797319893824382,0.11962286613369875,-0.08308954659384475,0.014309630102040812,1
135.12797619047618,8.985119047619047,0.12209992165216951,0.06228705219183437,0.5750232271939861,0.0038796768707482984,1
142.29761904761907,9.160714285714283,0.13313940078791914,0.0858722502753185,0.006909239271540379,0.00737404336734694,1
125.30654761904762,9.098214285714286,0.09030333114943453,0.0784890892514321,0.08212336241796701,0.0061605371315192736,1
115.92857142857142,7.696428571428571,0.15115401772219786,0.07422597567464241,0.3839391246069679,0.005509495464852607,1
128.75892857142856,8.205357142857142,0.153358684599022,0.09204563746542925,0.11787500400135142,0.008472399376417233,1
198.95535714285714,10.770833333333332,0.13218071350754265,0.08755768263902172,0.23502683785911588,0.007666347789115645,1
141.68154761904762,8.38392857142857,0.1555731711042828,0.08488667081518846,0.38258313930268933,0.007205746882086167,1
57.26488095238095,6.086309523809524,0.16409820311228282,0.10359109692831614,0.146852669750721,0.010731115362811789,1
89.74107142857142,7.122023809523809,0.1454824588614406,0.1092711889921775,0.08794938525483928,0.011940192743764172,1
80.26488095238093,6.717261904761905,0.17708687450296048,0.10880408577637446,0.4446558217183679,0.011838329081632652,1
449.9285714285714,12.125,0.14187367682707255,0.08548456319253019,0.2388139669912737,0.007307610544217686,1
54.032738095238095,5.794642857142857,0.1735268583217803,0.09537750213667896,0.49697593733490875,0.0090968679138322,1
36.76190476190476,4.5059523809523805,0.22282315808637068,0.12630413794001752,-0.035474271023989486,0.015952735260770973,1
48.59821428571429,5.25297619047619,0.18617640073819863,0.10587460360890331,0.16771522481861945,0.011209431689342403,1
29.678571428571427,3.9702380952380953,0.2610258321580302,0.13641865043292667,0.3308662971571037,0.018610048185941044,1
608.9553571428571,19.330357142857142,0.04728707633983288,0.059038197693087414,0.48670337078563597,0.003485508786848072,1
156.625,9.089285714285714,0.12102116811901495,0.0913695323393378,-0.008069993686712481,0.008348391439909297,1
112.6547619047619,7.517857142857142,0.18297180564126192,0.11739930311497632,0.01905497786943422,0.013782596371882087,1
134.69940476190476,8.604166666666666,0.16393480512923156,0.09906736295888834,0.6754451462772305,0.00981434240362812,1
192.88988095238096,10.276785714285714,0.1652091952579618,0.09848447683198988,0.6043996924321264,0.009699192176870751,1
285.94642857142856,11.321428571428571,0.11844656661528491,0.07482026839271746,0.35699852462367865,0.005598072562358276,1
105.00892857142858,8.550595238095237,0.10401737995194985,0.06809560231337827,0.5591392297332592,0.004637011054421768,1
99.9672619047619,7.925595238095237,0.10005793464047692,0.0793867777877925,0.18866166964942313,0.006302260487528345,1
117.88095238095238,8.416666666666666,0.0997141779890271,0.0820209153542897,0.060995317778611946,0.006727430555555556,1
71.39583333333331,6.699404761904761,0.15601532565488024,0.07317435031633479,0.6399304966987093,0.005354485544217686,1
480.96130952380946,14.87797619047619,0.130448007641135,0.06523901850233028,0.24096239293704533,0.0042561295351473925,1
88.27678571428571,6.622023809523809,0.1596390183702152,0.07885500773507007,0.7220852236164104,0.006218112244897959,1
41.40178571428571,5.032738095238096,0.21076307907239886,0.11368112651657308,0.3320490475142167,0.012923398526077096,1
87.82440476190476,7.532738095238095,0.10640513361105919,0.08150633296207828,0.2982765210580408,0.006643282312925169,1
139.50297619047618,8.69345238095238,0.1550052391970907,0.073022881823722,0.5405932699117889,0.005332341269841269,1
881.9107142857142,21.976190476190474,0.07028670563194395,0.05206207048969018,0.2316573122284956,0.002710459183673469,1
342.2113095238095,13.12797619047619,0.09202266075964843,0.06825800560226021,0.37417875849372406,0.004659155328798186,1
74.90178571428571,6.699404761904762,0.14601979462767703,0.10303380579234381,0.10992262608082681,0.010615965136054421,1
82.88988095238095,7.12797619047619,0.1643519422037254,0.09076161120224348,0.17999298897097044,0.008237670068027208,1
97.05357142857143,7.416666666666666,0.15228836978683213,0.083173741740965,0.33225025477210923,0.0069178713151927425,1
67.41964285714286,6.372023809523808,0.18419266116861352,0.09611759084497108,0.26317241049503376,0.009238591269841268,1
88.00595238095238,7.5773809523809526,0.12417157777634384,0.0679002056342252,0.6461422081280105,0.0046104379251700675,1
104.7202380952381,7.261904761904761,0.1830242017545777,0.0994688986135024,0.04757264471422577,0.00989406179138322,1
39.404761904761905,5.06547619047619,0.18528637330732434,0.09685202437662487,0.7188618576715404,0.009380314625850338,1
55.00297619047619,5.681547619047619,0.20321517706256553,0.09676052504171939,0.17082662147637104,0.009362599206349204,1
709.4345238095237,17.910714285714285,0.09310406763754855,0.06249999999999999,0.21835595653478432,0.0039062499999999996,1
114.11607142857143,8.12797619047619,0.12998880788561312,0.07826305828752801,0.565661486625839,0.006125106292517007,1
105.12499999999997,7.011904761904761,0.1941744634349714,0.09387982318802086,0.5427685555603499,0.008813421201814059,1
56.27380952380952,5.595238095238095,0.1862801934923949,0.12162390917680088,-0.03375262136377304,0.01479237528344671,1
24.151785714285715,3.782738095238095,0.26644072568666083,0.132899485486703,0.4440284245626703,0.017662273242630384,1
47.00297619047619,5.5625,0.19568962852202415,0.09242976281708057,0.6699718831200798,0.008543261054421769,1
27.422619047619044,3.904761904761904,0.2787257117751641,0.131155146050778,0.607080088089893,0.017201672335600906,1
31.464285714285708,4.291666666666667,0.23744864821466966,0.1314755512566169,0.14375590263063887,0.017285820578231293,1
45.55357142857143,5.220238095238095,0.19633810371805563,0.11438023125342639,0.1742544421337656,0.0130828373015873,1
96.08630952380952,7.604166666666667,0.14465212109265813,0.08530303957122924,0.3314133023160094,0.007276608560090702,1
170.67559523809524,9.889880952380953,0.1290364668468168,0.06793281077686503,0.44032576176046234,0.00461486678004535,1
21.502976190476193,3.604166666666666,0.27446825066738445,0.1517419404666971,0.06948129791949954,0.023025616496598643,1
31.550595238095234,4.116071428571429,0.24577131032788316,0.12866646619772196,0.18017724094763732,0.016555059523809524,1
56.69047619047619,5.577380952380952,0.1799474050587626,0.10971612256646882,0.26509358501537417,0.012037627551020409,1
127.14285714285714,7.125,0.16774619829342083,0.08738046580894761,0.4144977113724399,0.007635345804988661,1
706.3005952380952,19.389880952380953,0.09072612238805869,0.06438484420471409,0.4564307832754647,0.0041454081632653055,1
639.8392857142857,15.69047619047619,0.12594750379307829,0.08335990222714831,0.20573826817500016,0.006948873299319727,1
268.67559523809524,11.074404761904761,0.09740076175157086,0.07068060766093998,-0.0395320083953132,0.004995748299319727,1
80.57142857142857,7.494047619047619,0.11394065762762279,0.0758782665713212,0.4136687331786233,0.0057575113378684805,1
29.44940476190476,4.270833333333333,0.2345002601354438,0.11338856072350441,0.7437429376446311,0.012856965702947847,1
106.17559523809523,7.723214285714286,0.13725942663417068,0.08921127849596347,0.4072770259199604,0.007958652210884353,1
133.88690476190473,8.005952380952381,0.1548367482634635,0.08551046368189667,0.36213401177482196,0.00731203939909297,1
91.93154761904762,7.723214285714285,0.13713727362961425,0.08770929778744867,0.24747827520059879,0.007692920918367347,1
110.46428571428572,8.410714285714285,0.10228592728427276,0.07865818622858638,0.1547860712054966,0.006187110260770976,1
55.98214285714285,5.8809523809523805,0.17868512126294456,0.08425825992197658,0.7197836678271999,0.007099454365079364,1
78.38690476190476,7.0476190476190474,0.15389852931404202,0.07980409332019,0.38152657594721207,0.006368693310657595,1
85.11309523809524,7.470238095238095,0.12310756499975373,0.08618114425934678,0.30195109363994155,0.00742718962585034,1
84.0,7.511904761904762,0.12239292600469148,0.08808719396993299,0.2777089501731303,0.007759353741496599,1
36.76190476190476,4.761904761904762,0.2128392291044479,0.11082064143994565,0.2030514791163246,0.012281214569160998,1
85.86309523809524,7.214285714285714,0.15925785862283648,0.07758101427224448,0.5188779457037264,0.0060188137755102025,1
53.56547619047619,5.702380952380952,0.18287695347806832,0.10900742007031212,0.4276952464089281,0.011882617630385487,1
58.845238095238095,5.678571428571429,0.19885121082990903,0.11927062446139214,0.26695110036914005,0.014225481859410432,1
52.85119047619047,5.56547619047619,0.18661756348876946,0.08068715304598785,0.7050231445593672,0.006510416666666666,1
440.6517857142858,16.02678571428571,0.06340862945766601,0.053488692725034016,0.36955928917114844,0.0028610402494331066,1
71.83630952380952,6.235119047619047,0.19871843639092823,0.111398614715553,0.32380829498850966,0.01240965136054422,1
633.7708333333333,17.818452380952376,0.05914647422012246,0.055480213935438234,0.32274671443944575,0.003078054138321995,0
1375.1726190476193,27.39285714285714,0.06758419063593361,0.048173851357853105,0.4193546374718857,0.0023207199546485253,0
78.08035714285714,7.562499999999999,0.10393178257105883,0.08551046368189667,0.4113234567230121,0.00731203939909297,0
857.8452380952381,19.601190476190474,0.19604866569922663,0.13389549856192848,0.3861314727968404,0.01792800453514739,0
1349.9910714285716,28.82440476190476,0.04163649345420413,0.04454354031873739,0.25612057998033594,0.0019841269841269836,0
1065.75,25.184523809523807,0.058524089544122755,0.050023024743963126,0.4850185217382915,0.002502303004535147,0
49.93154761904762,5.87797619047619,0.15202867001616022,0.08574321601719008,0.36152678888717416,0.007351899092970521,0
53.47321428571428,6.122023809523808,0.138449282502486,0.0865401270746947,0.3091133421405405,0.007489193594104307,0
73.75297619047619,6.056547619047619,0.191353243829708,0.06919242819977779,0.8692114825795721,0.004787592120181406,0
78.82440476190474,7.604166666666666,0.11746376942906868,0.09364364715804924,0.2231621458367515,0.008769132653061224,0
2827.898809523809,44.36904761904762,0.021213385496475886,0.04297478892319539,-0.27690771794799024,0.0018468324829931967,0
58.57142857142857,6.2559523809523805,0.1463729145570319,0.08277341657841296,0.5092467469547602,0.00685143849206349,0
97.71428571428571,6.886904761904762,0.20403907422431397,0.10440024831422845,0.5422370297645155,0.010899411848072561,0
1192.407738095238,23.669642857142858,0.19411594450804648,0.1353430595345485,0.3860460540720281,0.01831774376417234,0
15.770833333333332,3.0625,0.3186708133503239,0.12028744272595965,0.7680490143642508,0.014469068877551023,0
109.2202380952381,8.375,0.1420012009684284,0.09146642476565064,0.29908576958337574,0.00836610685941043,0
61.11607142857142,6.00297619047619,0.1860110737071276,0.11480536620229706,0.16082951603902135,0.013180272108843533,0
472.6934523809524,16.544642857142854,0.07506792254474456,0.04935453557076487,0.34443282469852393,0.002435870181405895,0
45.62797619047619,4.705357142857143,0.24471865254686279,0.07868633372858502,0.8400533940303855,0.006191539115646258,0
198.12797619047618,9.764880952380953,0.14840401709466783,0.08928571428571429,-0.10693384847394397,0.007971938775510204,0
19.026785714285715,3.425595238095238,0.27886593272532534,0.13732466660784914,0.32992093524476296,0.018858064058956917,0
51.970238095238095,5.613095238095238,0.17839001083723816,0.09773965400995849,0.558502866946589,0.009553039965986394,0
530.8333333333334,18.422619047619047,0.03582597920295018,0.05402421089485519,0.3179545519726968,0.0029186153628117904,0
16.383928571428573,3.104166666666667,0.31501582892598295,0.1851707170274081,0.29196778393702244,0.03428819444444444,0
36.58333333333333,3.0059523809523805,0.3859334981804424,0.24534173434207504,0.10791746062739563,0.06019256660997732,0
109.21428571428572,8.029761904761903,0.13851827643466122,0.0738371204169957,0.39352752025213816,0.005451920351473922,0
36.74702380952381,5.038690476190476,0.1723033838013469,0.09278843611976127,0.5416959348938745,0.00860969387755102,0
323.6934523809524,14.247023809523808,0.07675269101506056,0.055838282855040826,0.8845244820001551,0.003117913832199546,0
10.44047619047619,2.321428571428571,0.397231905774376,0.1921430046615354,0.4701663821259908,0.03691893424036281,0
30.47321428571429,3.6636904761904763,0.41089926839021984,0.2991256509317639,0.029232064848340084,0.08947615504535147,0
28.50595238095238,2.4523809523809526,0.4281401483276141,0.3161983535844609,-0.029197514479150352,0.09998139880952378,0
91.99107142857142,7.288690476190476,0.13585412664659263,0.0735064823525504,0.5406715223171785,0.005403202947845805,0
19.110119047619047,3.4375000000000004,0.2968459750311951,0.16098962305117287,0.4516216887727577,0.02591765873015873,0
1112.8154761904761,24.94642857142857,0.0606039448977993,0.05257000515671337,0.12503568599003131,0.0027636054421768703,0
37.33630952380952,4.5267857142857135,0.2866646079126285,0.14738905374302838,0.18543298029026167,0.021723533163265307,0
19.87797619047619,2.9613095238095237,0.36381395086298485,0.26409393513665497,0.17083277372447514,0.06974560657596371,0
139.0892857142857,7.5476190476190474,0.22155026056571647,0.12785500907149158,0.5637702443456293,0.016346903344671197,0
20.05059523809524,3.2232142857142856,0.3166760979708826,0.09823683002439884,0.9044407147468381,0.00965047477324263,0
30.50595238095238,3.8035714285714284,0.28467633034221923,0.1361586813535461,0.36701509018380823,0.018539186507936508,0
17.625,3.0595238095238093,0.3179714334966298,0.14111035227535354,0.4459453438950717,0.019912131519274377,0
41.23809523809523,5.154761904761905,0.19523625397277067,0.10311973892303818,0.44474891421331036,0.010633680555555556,0
66.12202380952381,6.318452380952381,0.21677290635680074,0.12274756325774572,0.040535692011025526,0.015066964285714288,0
30.64935064935065,4.70995670995671,0.17280909631687114,0.12274845782474308,0.23805140036264627,0.01506718389835273,0
423.7857142857143,16.035714285714285,0.06350499931173972,0.056860039209948816,0.5057203778342294,0.0032330640589569165,0
0.005952380952380952,0.005952380952380952,0.9970238095238095,0.9940565297576097,-0.002985074626865672,0.9881483843537415,0
24.44345238095238,1.3363095238095237,0.8795124359674822,0.854752370950943,0.052772763914878305,0.7306016156462585,0
51.09523809523809,5.083333333333333,0.2596224784139617,0.1470280267372806,0.12746466793745218,0.0216172406462585,0
43.482142857142854,4.827380952380952,0.23044297473205488,0.11978935593748873,0.033720648705679014,0.014349489795918366,0
28.041666666666664,3.8511904761904763,0.29723408081391844,0.14813836743743827,0.18337335909427424,0.021944975907029474,0
2483.8839285714284,18.94345238095238,0.25888195549932935,0.16452708287006254,0.3283805935847495,0.02706916099773243,0
35.26785714285714,4.488095238095237,0.2414768272584342,0.10210545713338358,0.5306132890573811,0.010425524376417233,0
55.97321428571428,5.419642857142857,0.2187765557011691,0.1160332660096305,0.03441186836503608,0.013463718820861673,0
131.3720238095238,7.574404761904761,0.15851120567723226,0.09007586875250925,0.10217866131155534,0.008113662131519272,0
441.875,17.053571428571427,0.06976572305758424,0.053114786599924836,0.19663686523807386,0.0028211805555555546,0
412.5119047619047,15.982142857142856,0.07806308416704506,0.05336434844357472,0.4048179400927468,0.0028477536848072553,0
26.148809523809522,3.7261904761904763,0.28594949092882427,0.13593080055558615,0.27205045769078834,0.018477182539682536,0
39.96428571428571,4.869047619047619,0.20086638010113067,0.10656258208314379,0.3249539476912801,0.011355583900226757,0
722.9821428571428,21.172619047619044,0.061331268753474284,0.051377013397714485,0.21146111945253532,0.0026395975056689334,0
321.2321428571429,12.732142857142856,0.11994480699718772,0.08131592912091815,0.5374703507567113,0.006612280328798185,0
282.25,11.184523809523807,0.16229844809597,0.07371705997917165,0.3698197890324197,0.0054342049319727895,0
195.02678571428572,10.389880952380953,0.2374298306690628,0.19801174765877996,0.2040810605401572,0.039208652210884355,0
109.85119047619047,7.345238095238095,0.2221209952506767,0.1276816932685276,0.40584929263940256,0.01630261479591837,0
114.43154761904762,6.919642857142857,0.17465062770098022,0.11072068593891829,0.0337441067324975,0.012259070294784579,0
858.7172619047617,22.37202380952381,0.057756588937817786,0.0480818286351295,0.5106512787777221,0.002311862244897959,0
1979.8244047619044,19.217261904761905,0.12031957416328573,0.07161434175902359,0.4790303870036519,0.00512861394557823,0
4383.35119047619,25.916666666666664,0.2350832601803083,0.13552291750032702,0.06989935178898178,0.018366461167800448,0
676.3392857142858,14.660714285714285,0.14692817072199274,0.07686411648895808,0.07305917059700374,0.005908092403628117,0
174.6130952380952,10.18452380952381,0.1214298397417697,0.07226077703677966,0.055657022160236214,0.005221619897959182,0
110.67261904761904,7.238095238095238,0.20829952087143222,0.10961515988513629,0.039619540253209386,0.012015483276643991,0
164.03869047619045,8.104166666666664,0.18423671226890792,0.09093223879435826,0.20299120079495547,0.008268672052154194,0
2.342261904761905,0.21726190476190477,0.9640600462612805,0.9525715955023134,-0.010178880113077443,0.907392644557823,0
1545.8601190476188,31.770833333333332,0.032815270536252536,0.04256056442284253,0.3623406662334367,0.0018114016439909292,0
687.3154761904761,20.20238095238095,0.04467364606617322,0.04610694459770734,0.4337031482052031,0.002125850340136054,0
310.57738095238096,13.773809523809522,0.09608828255193062,0.04710473747423932,0.7366121530650384,0.0022188562925170062,0
241.2767857142857,11.622023809523808,0.07842241637947484,0.06448794250006087,0.5961361676003863,0.004158694727891157,0
32.976190476190474,4.56547619047619,0.22392032992291974,0.06960723549718155,0.9339158910157507,0.004845167233560091,0
192.91666666666666,10.660714285714285,0.0987903386217463,0.06812811394202141,0.004097738849649931,0.004641439909297052,0
81.84523809523809,4.1607142857142865,0.6157927675738731,0.5342614227671159,0.2882492101414936,0.28543526785714285,0
202.97619047619048,9.910714285714285,0.14120770863957788,0.06992464359804006,0.13368537572359232,0.004889455782312924,0
4.979166666666667,0.675595238095238,0.8704224420444416,0.8431842291423485,0.9990717755069791,0.7109596442743764,0
497.66666666666663,11.595238095238095,0.19394686951454443,0.09864174654271755,0.2226158145142493,0.00973019416099773,0
21.366071428571427,3.6755952380952377,0.2596331332907773,0.15387221374655435,0.5630417327295627,0.023676658163265307,0
63.931250000000006,5.887499999999999,0.22163683900357053,0.11221752731859672,0.9845209317078041,0.0125927734375,0
11.657738095238095,2.6279761904761907,0.33644278096529256,0.1581446915983133,0.6663045601711843,0.025009743480725623,0
19.422619047619044,3.4940476190476186,0.2680200787370296,0.11978935593748874,0.5521745736874869,0.01434948979591837,0
26.907738095238095,3.9851190476190474,0.26754257553099947,0.10214882322458639,0.7427916990440977,0.010434382086167801,0
49.470238095238095,5.488095238095237,0.19905732133152484,0.06967083280190253,0.9559247343327003,0.004854024943310657,0
111.73214285714286,8.642857142857142,0.11145539197231852,0.05662588568583467,0.8218898759427545,0.0032064909297052154,0
15.666666666666664,3.053571428571429,0.31473862811415687,0.1600792126054786,0.3559599514103524,0.02562535430839002,0
55.678571428571416,5.303571428571428,0.2312774169637868,0.10816108428201532,0.9879967400543416,0.011698820153061222,0
166.91964285714283,10.3125,0.11412902325939459,0.08918645276054582,-0.11347147890988807,0.007954223356009071,0
143.17559523809524,9.282738095238095,0.12544132516504963,0.07732369676646773,0.19738058486967044,0.005978954081632652,0
324.4345238095238,14.732142857142856,0.061101330082217985,0.051848962470786734,0.8142524946653458,0.0026883149092970515,0
95.25595238095237,5.440476190476191,0.2461025884028685,0.120691771404712,0.36709504118466646,0.014566503684807258,0
717.952380952381,21.541666666666664,0.05149986723165505,0.05223193087733406,0.07313742925856236,0.0027281746031746035,0
463.625,17.029761904761905,0.07018159358995532,0.05201951872901349,0.021130409488248986,0.002706030328798185,0
99.85416666666666,6.50297619047619,0.1975161296486735,0.0780363726317077,0.5819467167424649,0.006089675453514739,0
58.291666666666664,4.75,0.27555034213788077,0.1890173861815668,0.06212290502793298,0.03572757227891156,0
9.714285714285714,2.3928571428571423,0.3593684376037317,0.1793386297045575,0.23415273873020795,0.03216234410430839,0
13.181547619047617,2.782738095238095,0.32808979767597873,0.1308001008532484,0.707986932502354,0.017108666383219954,0
24.07142857142857,3.8273809523809526,0.2536517068614216,0.14693763138490698,0.3370229795381257,0.0215906675170068,0
27.059523809523807,4.279761904761905,0.19911813175212095,0.11436086938595745,0.41564166688664417,0.01307840844671202,0
225.54464285714286,11.00297619047619,0.12749391612441152,0.06909634979907082,0.3644751576423994,0.004774305555555554,0
3.9166666666666665,0.7142857142857142,0.8276176444726054,0.7637916089366825,0.04824468886545126,0.5833776218820861,0
17.00892857142857,3.1160714285714284,0.3066149207821976,0.0982142857142857,0.896100284241127,0.009646045918367345,0
80.03869047619048,6.443452380952381,0.18260008652721826,0.10268935416122689,0.20886954441030034,0.010545103458049886,0
209.41369047619045,11.5625,0.07765417385160736,0.06362368549533318,0.4248592996116238,0.004047973356009069,0
629.297619047619,17.88690476190476,0.08013054535811125,0.053114786599924836,0.6171090073308465,0.0028211805555555546,0
96.82738095238095,6.809523809523808,0.15908007744384203,0.09149063183892499,0.907851752868847,0.008370535714285714,0
48.202380952380956,4.785714285714285,0.23899873821632972,0.13118890976508446,0.029586102706103377,0.017210530045351474,0
53.99404761904762,5.446428571428571,0.20076546047036986,0.10602091149140998,0.11386938433980878,0.011240433673469389,0
87.06547619047618,6.976190476190476,0.15607536905459843,0.10044367280170362,0.47271580854154405,0.010088931405895694,0
221.03869047619045,11.687499999999998,0.09167827721810025,0.06664939189451992,0.5078026060833608,0.004442141439909297,0
67.39285714285714,6.875,0.1261832708889434,0.08612973886004632,0.41211319495098103,0.007418331916099774,0
523.7172619047619,16.491071428571427,0.11684248066403596,0.05615464959557502,0.765016200278905,0.0031533446712018135,0
264.7708333333333,9.360119047619047,0.16024457912072174,0.08913678054685675,0.028994020245533377,0.007945365646258501,0
1558.4434523809523,25.979166666666664,0.054137121730115666,0.05381887297626525,-0.0070253804296504735,0.0028964710884353743,0
262.57738095238096,11.928571428571427,0.08986495958481279,0.06066612235309377,0.3227231577637149,0.0036803784013605435,0
358.90773809523813,15.282738095238095,0.11938868033101377,0.08908708063747478,0.08918352430544374,0.007936507936507934,0
37.88392857142857,4.538690476190476,0.24891148620620818,0.09093223879435827,0.6907546989252954,0.008268672052154195,0
52.428571428571416,5.345238095238095,0.29497780377129584,0.1945595605953293,0.08988089215713717,0.037853422619047616,0
1.5744047619047619,0.3125,0.9142248503528992,0.8707379191292428,0.020367670766288492,0.7581845238095238,0
769.6547619047619,18.91071428571428,0.07973697672628949,0.05970953168969905,0.5152880526067575,0.003565228174603175,0
42.59821428571428,4.931547619047619,0.2613291891433993,0.1111598178391851,0.8153314152509381,0.012356505102040815,0
23.63690476190476,3.7678571428571432,0.2640331742019587,0.11395351023259907,0.5822752115382629,0.012985402494331062,0
2009.607142857143,13.44047619047619,0.2735288004886662,0.17883165562735742,0.024563004098504614,0.03198076105442176,0
31.919642857142854,4.550595238095237,0.21715798124864716,0.1668127548522771,-0.16548506976949523,0.027826495181405893,0
27.833333333333332,4.333333333333333,0.20514143689695308,0.09338316362938827,0.7133379895912929,0.008720415249433105,0
42.44642857142857,4.976190476190475,0.21759102372416872,0.13046106425180765,0.08178321414350988,0.01702008928571428,0
27.00595238095238,3.8095238095238093,0.2869727103705022,0.1431513587359076,0.3332143606970397,0.020492311507936508,0
2533.8392857142853,16.357142857142854,0.289754924600708,0.21419268814098494,0.010582453195078736,0.04587850765306123,0
67.13095238095237,6.744047619047619,0.15885263618418113,0.0914422112841501,0.48019408387658574,0.008361678004535147,0
84.74404761904762,6.059523809523808,0.21508260712871308,0.10374062534484152,0.3568532863305348,0.010762117346938774,0
29.75,4.333333333333333,0.22698704587200103,0.12618135074821474,0.23705437844797467,0.01592173327664399,0
76.63690476190476,6.940476190476191,0.1420904884318635,0.09061510325975196,0.005118373895189222,0.00821109693877551,0
3964.0505952380945,25.02678571428571,0.2569114471462621,0.16707804247988892,0.07176207886162998,0.027915072278911563,0
1710.5892857142856,33.19642857142857,0.036715419857808684,0.04975670683720383,-0.1130656571298524,0.0024757298752834463,0
40.583333333333336,4.809523809523809,0.21151074526348246,0.13817667446912646,-0.08393661176123231,0.01909279336734694,0
15.44345238095238,3.050595238095238,0.3020882416765525,0.1663607950078571,0.18259386025551674,0.027675914115646256,0
20.53273809523809,3.681547619047619,0.23617042859623186,0.14052851628366708,0.3748923181969135,0.019748263888888888,0
21.038690476190474,3.699404761904762,0.24397790686487816,0.13261592178072196,0.4555186928876193,0.017586982709750565,0
4430.419642857143,24.26488095238095,0.31984626806624267,0.22629814166913187,0.06682371837314227,0.05121084892290248,0
34.99404761904762,4.404761904761905,0.24343087444736156,0.15451846696318552,0.05598672590055131,0.02387595663265306,0
14.324404761904761,2.8958333333333335,0.3388277450890905,0.17509007238193722,0.31703495577342194,0.030656533446712014,0
21.050595238095234,3.6279761904761907,0.25484211415126157,0.12584746733253557,0.579600247266085,0.015837585034013606,0
5483.059523809523,30.244047619047613,0.2823748740914809,0.21640404675339864,-0.031596472754935594,0.04683071145124715,0
269.01785714285705,11.452380952380953,0.10835176405668803,0.06594797561357243,0.430082827503032,0.004349135487528345,0
50.19940476190477,5.467261904761905,0.19294239666826626,0.08953338664578168,0.5330250798364087,0.008016227324263037,0
54.491071428571416,5.2648809523809526,0.21231752928508152,0.11301689015504479,0.16327482006051608,0.01277281746031746,0
103.13095238095238,7.5357142857142865,0.16699007995691195,0.06299407883487121,0.7676843716299179,0.003968253968253968,0
24.342261904761905,3.62797619047619,0.29113446735362863,0.13633746334578997,0.3665786077283733,0.018587903911564625,0
33.654761904761905,4.321428571428571,0.25345468473908206,0.11869367025362661,0.4563858234933062,0.014088187358276646,0
73.83928571428571,6.386904761904761,0.1802570362030126,0.0784890892514321,0.5391502482879894,0.006160537131519273,0
27.87797619047619,3.5148809523809517,0.4378240592802859,0.33175513938094303,0.07986234093787141,0.11006147250566893,0
64.08035714285714,7.086309523809524,0.07555967352617782,0.07538050679710678,0.6732893130223458,0.005682220804988662,0
43.49404761904762,4.779761904761905,0.22147297508815741,0.10401775069822199,0.4800675976162946,0.01081969246031746,0
59.669642857142854,6.199404761904762,0.18266100038723843,0.09789812025832456,0.35201282302920167,0.009584041950113378,0
134.22321428571428,9.366071428571429,0.14718508506915984,0.10579090825700131,0.020406041829607643,0.011191716269841268,0
25.43452380952381,3.9761904761904754,0.24542612621405036,0.11867501212724337,0.4470583205951642,0.014083758503401359,0
71.61309523809524,4.928571428571429,0.24236301029093607,0.11565094778408004,0.3177263689174485,0.013375141723356009,0
9651.217261904761,54.31249999999999,0.15723263789550218,0.10046571684296575,-0.017490632754718228,0.010093360260770972,0
48.38988095238095,5.729166666666666,0.14458660477503804,0.0942564739411495,0.49587955090013885,0.008884282879818593,0
16.00297619047619,3.068452380952381,0.2867677212533526,0.1819740308464214,-0.12138513413909376,0.03311454790249432,0
95.22916666666666,7.883928571428571,0.12394357122454008,0.08245175700711349,0.4591766747268737,0.00679829223356009,0
18.354166666666664,3.2529761904761902,0.30572459005388725,0.1572600573050346,0.2320492410688392,0.024730725623582764,0
77.8125,7.467261904761903,0.11720194396490605,0.07071193077688524,0.5459373914799065,0.005000177154195011,0
70.95238095238096,6.160714285714285,0.186664374113652,0.11426401083602658,0.5070012343679146,0.0130562641723356,0
1755.366071428571,11.026785714285714,0.35645414833185607,0.2237097675353111,-0.012288107331023843,0.050046060090702935,0
31.157738095238095,4.449404761904761,0.21715142479908844,0.10566524092902817,0.4784201973415114,0.01116514314058957,0
20.752976190476186,3.5446428571428577,0.2773468924659268,0.09792073735929821,0.9143658763663661,0.00958847080498866,0
46.666666666666664,5.476190476190476,0.17584482748525962,0.11373954936917478,0.5028684368901422,0.012936685090702948,0
23.07142857142857,3.071428571428571,0.348029937940594,0.18668331209190991,0.011260522575707881,0.03485065901360544,0
150.10714285714283,10.363095238095237,0.10790478468184683,0.0731440817109792,0.4823789175982108,0.005350056689342403,0
35.4375,4.282738095238095,0.2569802941962935,0.10712218715961418,0.9193751125450417,0.011475162981859409,0
19.008928571428573,2.598214285714285,0.5475936253257516,0.4476174645362076,0.04396940124019288,0.2003613945578231,0
21.3125,3.5803571428571423,0.27140062112319774,0.12537147184419967,0.32623405767749597,0.015718005952380952,0
5363.241071428571,37.65773809523809,0.15283352279319765,0.08841339748519612,0.0046531363343096715,0.007816928854875284,0
14.044642857142858,2.883928571428571,0.3146937685267937,0.15388660441422636,0.2054008829580674,0.02368108701814059,0
156.29464285714283,10.151785714285712,0.06178367764343634,0.06070261325705696,0.48708479088346074,0.0036848072562358273,0
13.13095238095238,2.6488095238095237,0.3524300644599129,0.17562045823728487,0.35631457231708724,0.03084254535147392,0
84.71428571428571,6.511904761904761,0.19941969322617878,0.10894645962930433,0.1841486440813587,0.011869331065759638,0
46.08333333333333,5.238095238095237,0.21137933669673847,0.10650022223263624,0.3635241023181728,0.011342297335600906,0
18.172619047619044,3.25,0.31916459894400584,0.1677130207018083,0.21393962753994444,0.028127657312925176,0
67.17857142857142,6.184523809523808,0.16429910367596803,0.11342761309618754,-0.04869012461452902,0.012865823412698414,0
258.88690476190476,10.666666666666666,0.09788778225492777,0.07407665752770025,0.12458969020487276,0.005487351190476191,0
38.94047619047619,5.017857142857142,0.20832700884305808,0.09776230777176691,0.5478965612066063,0.009557468820861677,0
3114.122023809524,20.913690476190474,0.23596682156913135,0.13547388900882193,0.009578176375302906,0.0183531746031746,0
32.2172619047619,4.1398809523809526,0.2668179180832391,0.17274728405870773,0.15913145853309218,0.02984162414965986,0
20.452380952380953,3.476190476190476,0.2857882603139953,0.11641432866433302,0.5422283426070911,0.013552295918367346,0
32.723214285714285,4.622023809523809,0.21415511209212088,0.10452743648116633,0.4797526321159299,0.010925984977324263,0
7525.553571428571,42.14880952380952,0.17075983511354384,0.12675916332765985,0.007506068260540302,0.016067885487528348,0
17.467261904761905,3.2886904761904763,0.2865639865669501,0.14003917090498322,0.4960856242309141,0.0196109693877551,0
41.714285714285715,5.285714285714285,0.18743041285624992,0.10817132050825147,0.37926960271944926,0.011701034580498865,0
89.11904761904762,7.1309523809523805,0.14285412968390873,0.0816962930435167,0.20953499729419373,0.0066742842970521545,0
17.107142857142854,3.1249999999999996,0.3033433373186097,0.15095184110613996,0.5124800077545679,0.022786458333333325,0
680.3452380952381,13.791666666666666,0.11592369167023531,0.06588078458684124,0.19914342581502642,0.004340277777777778,0
28.9672619047619,4.449404761904762,0.1914282145522701,0.09710320298259197,0.6921297066645177,0.009429032029478458,0
14.732142857142858,2.9107142857142856,0.3375215258289951,0.17200218186666535,0.24240698851311893,0.02958475056689342,0
35.25297619047619,4.913690476190476,0.1720600529521512,0.09151483250905831,0.5179547012443014,0.008374964569160996,0
13.169642857142856,2.824404761904762,0.32970323428169557,0.12508854573611614,0.9087887202786913,0.015647144274376416,0
2749.538690476191,17.776785714285715,0.3281185898841933,0.25518989416935733,0.00719524090063694,0.0651218820861678,0
43.88988095238095,5.50297619047619,0.15956965968681716,0.08671906121627063,0.5584417146800812,0.007520195578231292,0
61.61011904761904,6.62797619047619,0.13768133035206961,0.09597925890831606,0.471666792441551,0.009212018140589567,0
28.125,4.0476190476190474,0.25097710356990766,0.08960755486502736,0.9426019225319017,0.008029513888888888,0
19.761904761904763,3.4226190476190474,0.3059412482462352,0.17501417176177567,0.2209424785806672,0.03062996031746032,0
47.05059523809524,5.6398809523809526,0.15305862205572754,0.07749533670411629,0.7068086373659326,0.0060055272108843535,0
60.5595238095238,6.25595238095238,0.1640741553007899,0.08743113584266894,0.4321162923788821,0.007644203514739229,0
17.43154761904762,3.300595238095238,0.28150781493993915,0.11258500190105795,0.807789097303136,0.012675382653061222,0
51.99702380952381,5.175595238095237,0.24338046522886145,0.13571885435083755,0.3263784269648481,0.018419607426303854,0
16.520833333333332,3.2529761904761902,0.2643173850255091,0.09978008698952506,0.8251169533000203,0.009956065759637188,0
52.94047619047619,6.107142857142857,0.13884807252301237,0.07980409332019,0.5532266926204418,0.006368693310657596,0
32.63392857142857,4.669642857142857,0.20174484848604643,0.11395351023259909,0.44905393065216237,0.012985402494331066,0
36.53869047619047,4.241071428571428,0.2716143490942364,0.09012502339123048,0.8716247047828206,0.00812251984126984,0
46.48511904761904,5.193452380952381,0.19014904420029732,0.11683206206184833,0.1649857471956411,0.01364973072562358,0
17.553571428571423,3.291666666666667,0.2814994290291143,0.12811454315494572,0.3931381513712612,0.01641333616780045,0
28.589285714285715,3.952380952380952,0.2880295261109961,0.20163553197564668,-0.11629142407727258,0.04065688775510204,0
49.300595238095234,5.497023809523809,0.17272224897634136,0.08697404283453844,0.6611364753630886,0.007564484126984126,0
42.598214285714285,5.6934523809523805,0.11445430040540208,0.0881625788309442,0.496652605563851,0.0077726403061224485,0
39.14285714285714,4.714285714285714,0.24273627016926774,0.07024061738813063,0.9578250663793433,0.0049337443310657585,0
228.35416666666666,11.455357142857142,0.10545253840120075,0.06628290908130978,0.16374133572746882,0.0043934240362811785,0
16.202380952380953,3.142857142857143,0.3024259210928015,0.13519572504445096,0.832995401398863,0.018277884070294785,0
4846.705357142857,28.205357142857146,0.3470697257211641,0.2480436492382694,-0.031078691772527704,0.061525651927437634,0
47.43452380952381,5.291666666666666,0.19272308092072768,0.10821225573034429,0.34769551893670037,0.011709892290249432,0
12.922619047619047,2.8750000000000004,0.304687887773211,0.15652611657505602,0.2805124993218951,0.02450042517006803,0
22.19642857142857,3.720238095238095,0.26736964555831905,0.12299987095102276,0.6423069577403753,0.015128968253968252,0
4040.2172619047615,24.330357142857142,0.2063916956657711,0.15501924575125497,0.04726724750731687,0.024030966553287982,0
48.767857142857146,5.857142857142856,0.14344793183823784,0.09151483250905831,0.49844322976667854,0.008374964569160996,0
46.288690476190474,4.645833333333333,0.25429730453311167,0.10324850451608127,0.8768574086121329,0.010660253684807254,0
99.6220238095238,7.75297619047619,0.16064875233283138,0.09328826201581833,0.0924849453569076,0.008702699829931973,0
48.26190476190476,5.3809523809523805,0.21409897848577364,0.1078432793571038,0.4407982028612342,0.01163017290249433,0
159.69047619047618,10.952380952380953,0.07342659208265179,0.05386000318706505,0.5620323561901757,0.002900899943310657,0
88.96726190476188,7.877976190476191,0.10116449050757322,0.06932032558840545,0.5579672620517873,0.004805307539682539,0
32.875,4.511904761904761,0.2280046859642114,0.07955396669418845,0.9678395557548009,0.0063288336167800436,0
11.749999999999998,2.488095238095238,0.40008841149717,0.24074051361987078,0.3708987161198288,0.05795599489795919,0
44.50297619047619,5.145833333333334,0.21663126124795684,0.10514001031342675,0.5184877845532886,0.011054421768707483,0
27.89285714285714,4.315476190476191,0.2139722377867243,0.12743865515480143,0.3764448832509383,0.016240610827664398,0
56.62202380952381,6.2648809523809526,0.1508395174887278,0.09252554498041556,0.49056388825255426,0.008560976473922902,0
41.782738095238095,5.0625,0.2111112422096697,0.07219946113516787,0.9155793693520621,0.005212762188208616,0
27.68452380952381,4.029761904761904,0.24155996993434675,0.14197083692581008,0.07772933186343131,0.020155718537414963,0
3558.2261904761904,21.458333333333332,0.3536200989418268,0.25362312238559154,0.0393779391153155,0.06432468820861675,0
31.64285714285714,4.684523809523809,0.17561728024952356,0.09803374459524168,0.6372521941439669,0.009610615079365078,0
25.452380952380953,3.845238095238095,0.2621402612040938,0.14925528473952182,0.134086902541262,0.022277140022675734,0
52.52380952380952,5.654761904761905,0.20587130255259672,0.10454861946577557,0.29589039989797666,0.010930413832199545,0
1793.3541666666665,11.538690476190474,0.3213938761886815,0.2658239634328466,0.013053386697627593,0.07066237953514737,0
22.464285714285715,3.4642857142857144,0.32488128256120175,0.22936949898251957,0.1725563585964968,0.05261036706349205,0
223.90773809523805,7.7767857142857135,0.2983574177822311,0.19707011037029573,0.4224007716773042,0.03883662840136054,0
66.72619047619048,6.392857142857142,0.15232450064687486,0.0872282791056717,0.4763109016110013,0.007608772675736961,0
19.06845238095238,3.419642857142857,0.2771564285419337,0.14689241284825078,0.5155330285093161,0.021577380952380952,0
26.06845238095238,4.2648809523809526,0.17566885025416096,0.10090558635812312,0.6725514029188752,0.010181937358276643,0
127.45833333333334,7.999999999999999,0.1779573978753684,0.1125653312445086,0.04436062941673701,0.012670953798185943,0
